<?xml version='1.0' encoding='UTF-8'?>
<package uuid="headshakemovements-30aa86">
 <names>
  <name lang="en_US">HeadShakeMovements</name>
 </names>
 <supportedLanguages>
  <language>en_US</language>
 </supportedLanguages>
 <descriptionLanguages>
  <language>en_US</language>
 </descriptionLanguages>
 <contents>
  <behaviorContent path="behavior_1">
   <nature>interactive</nature>
   <permissions/>
  </behaviorContent>
  <behaviorContent path="head">
   <nature>interactive</nature>
   <permissions/>
  </behaviorContent>
  <behaviorContent path="head/behavior_1">
   <nature>interactive</nature>
   <permissions/>
  </behaviorContent>
 </contents>
</package>
