<?xml version='1.0' encoding='UTF-8'?>
<package uuid="head-fe363f">
  <names>
    <name lang="en_US">head</name>
  </names>
  <supportedLanguages>
    <language>en_US</language>
  </supportedLanguages>
  <descriptionLanguages>
    <language>en_US</language>
  </descriptionLanguages>
  <contents>
    <behaviorContent path="behavior_1">
      <nature>interactive</nature>
      <permissions/>
    </behaviorContent>
    <behaviorContent path=".">
      <nature>interactive</nature>
      <permissions/>
    </behaviorContent>
  </contents>
</package>
