<?xml version='1.0' encoding='UTF-8'?>
<package uuid="fullspeechandanimations-c96968">
 <names>
  <name lang="en_US">fullspeechandanimations</name>
 </names>
 <supportedLanguages>
  <language>en_US</language>
 </supportedLanguages>
 <descriptionLanguages>
  <language>en_US</language>
 </descriptionLanguages>
 <contents>
  <behaviorContent path="behavior_1">
   <nature>interactive</nature>
   <permissions/>
  </behaviorContent>
  <behaviorContent path="FullScriptAndSpeechRecognition">
   <nature>interactive</nature>
   <permissions/>
  </behaviorContent>
  <behaviorContent path="animations_script/Animations/Section_1/HeadShakeMovements/behavior_1">
   <nature>interactive</nature>
   <permissions/>
  </behaviorContent>
  <behaviorContent path="animations_script/Animations/Section_1/HeadShakeMovements/head">
   <nature>interactive</nature>
   <permissions/>
  </behaviorContent>
  <behaviorContent path="animations_script/Animations/Section_1/HeadShakeMovements/head/behavior_1">
   <nature>interactive</nature>
   <permissions/>
  </behaviorContent>
  <behaviorContent path="animations_script/Animations/Section_10/behavior_1">
   <nature>interactive</nature>
   <permissions/>
  </behaviorContent>
  <behaviorContent path="animations_script/Animations/Section_11/behavior_1">
   <nature>interactive</nature>
   <permissions/>
  </behaviorContent>
  <behaviorContent path="animations_script/Animations/Section_12/behavior_1">
   <nature>interactive</nature>
   <permissions/>
  </behaviorContent>
  <behaviorContent path="animations_script/Animations/Section_13/behavior_1">
   <nature>interactive</nature>
   <permissions/>
  </behaviorContent>
  <behaviorContent path="animations_script/Animations/Section_14/behavior_1">
   <nature>interactive</nature>
   <permissions/>
  </behaviorContent>
  <behaviorContent path="animations_script/Animations/Section_15/behavior_1">
   <nature>interactive</nature>
   <permissions/>
  </behaviorContent>
  <behaviorContent path="animations_script/Animations/Section_2/behavior_1">
   <nature>interactive</nature>
   <permissions/>
  </behaviorContent>
  <behaviorContent path="animations_script/Animations/Section_3/behavior_1">
   <nature>interactive</nature>
   <permissions/>
  </behaviorContent>
  <behaviorContent path="animations_script/Animations/Section_4/behavior_1">
   <nature>interactive</nature>
   <permissions/>
  </behaviorContent>
  <behaviorContent path="animations_script/Animations/Section_5/behavior_1">
   <nature>interactive</nature>
   <permissions/>
  </behaviorContent>
  <behaviorContent path="animations_script/Animations/Section_5/Section_5/behavior_1">
   <nature>interactive</nature>
   <permissions/>
  </behaviorContent>
  <behaviorContent path="animations_script/Animations/Section_6/behavior_1">
   <nature>interactive</nature>
   <permissions/>
  </behaviorContent>
  <behaviorContent path="animations_script/Animations/Section_6/Section_3/behavior_1">
   <nature>interactive</nature>
   <permissions/>
  </behaviorContent>
  <behaviorContent path="animations_script/Animations/Section_7/behavior_1">
   <nature>interactive</nature>
   <permissions/>
  </behaviorContent>
  <behaviorContent path="animations_script/Animations/Section_8/behavior_1">
   <nature>interactive</nature>
   <permissions/>
  </behaviorContent>
  <behaviorContent path="animations_script/Animations/Section_9/behavior_1">
   <nature>interactive</nature>
   <permissions/>
  </behaviorContent>
  <behaviorContent path="animations_script/behavior_1">
   <nature>interactive</nature>
   <permissions/>
  </behaviorContent>
  <behaviorContent path="animations_script/FullScriptAndSpeechRecognition">
   <nature>interactive</nature>
   <permissions/>
  </behaviorContent>
  <behaviorContent path="Rock Paper Scissors/behavior_1">
   <nature>interactive</nature>
   <permissions/>
  </behaviorContent>
 </contents>
</package>
