<?xml version='1.0' encoding='UTF-8'?>
<package uuid="section_6-6232da">
 <names>
  <name lang="en_US">Section_6</name>
 </names>
 <supportedLanguages>
  <language>en_US</language>
 </supportedLanguages>
 <descriptionLanguages>
  <language>en_US</language>
 </descriptionLanguages>
 <contents>
  <behaviorContent path="behavior_1">
   <nature>interactive</nature>
   <permissions/>
  </behaviorContent>
  <behaviorContent path="Section_3/behavior_1">
   <nature>interactive</nature>
   <permissions/>
  </behaviorContent>
 </contents>
</package>
